Lider adaugat,2020-04-21T07:56:04.823
Lider adaugat,2020-05-25T20:55:22.720
Lider adaugat,2020-05-25T20:59:15.819
Lider adaugat,2020-05-25T21:00:00.471
Lider adaugat,2020-05-25T21:00:34.625
Lideri Afisati,2020-05-25T21:01:30.569
Lider adaugat,2020-05-25T21:20:36.865
Lider adaugat,2020-05-25T21:22:27.540
Lider adaugat,2020-05-25T21:27:58.530
Lider adaugat,2020-05-25T21:29:13.389
Lider adaugat,2020-05-25T21:30:47.712
Lider adaugat,2020-05-25T21:35:00.031
Lider adaugat,2020-05-25T21:35:25.391
Lider adaugat,2020-05-25T21:38:20.900
Lider adaugat,2020-05-25T21:41:15.192
Lider adaugat,2020-05-25T21:50:13.806
Lider adaugat,2020-05-25T21:51:49.893
